accession,group,genome_size_mb,gc_content,gene_count,avg_gene_len,te_count,gc3
thermophile_NC_001869,thermophile,0.191346,57.908709876349654,203,753.18,28,0.679982736959921
thermophile_NC_000868,thermophile,1.765118,44.71389448184201,1917,734.37,8,0.4878370747586651
thermophile_NC_003901,thermophile,4.096345,41.484909107997495,3448,913.65,105,0.3930849087826973
thermophile_NC_007181,thermophile,2.225959,36.70759434472962,2319,765.75,7,0.2906227651970152
thermophile_NC_007955,thermophile,2.575032,40.758095433377136,2573,708.24,121,0.40911559956025284
thermophile_NC_002689,thermophile,1.584804,39.918500962895095,1614,877.32,47,0.41018961781209096
thermophile_NC_009516,thermophile,0.013956,38.28460877042132,17,651.5294117647059,1,0.3449715634984546
thermophile_NC_006177,thermophile,3.566135,68.6684043088666,3283,1047.25,66,0.8936148512072545
thermophile_NC_007355,thermophile,4.837408,39.2760337767664,3995,830.15,161,0.31531699616930875
thermophile_NC_007481,thermophile,3.214944,40.23482213064987,2851,943.5,23,0.32789367396890623
thermophile_NC_008553,thermophile,1.879471,53.54527949619866,1772,776.73,26,0.6649027734251242
thermophile_NC_007796,thermophile,3.544738,45.14903499214893,3386,1037.66,92,0.43138946695882185
thermophile_NC_009777,thermophile,0.089008,43.78932230810714,96,715.46875,18,0.4507405358726585
thermophile_NC_005945,thermophile,5.228663,35.3794459501406,5384,899.59,17,0.24214905208144938
thermophile_NC_008698,thermophile,1.781889,57.66565706393608,1879,742.47,1,0.7389026414713161
thermophile_NC_010005,thermophile,0.134144,28.256202290076338,103,968.76,0,0.21375479321843932
thermophile_NC_010006,thermophile,0.098136,29.260414119181544,75,918.28,0,0.21574156677541886
thermophile_NC_010007,thermophile,0.016677,45.95550758529712,13,879.5384615384615,0,0.43118476928173427
thermophile_NC_008818,thermophile,1.667163,53.736737199661945,1778,797.42,1,0.5191163293328587
thermophile_NC_010010,thermophile,0.026587,35.49855192387257,21,726.8571428571429,0,0.2958160389787629
thermophile_NC_010004,thermophile,0.14059,27.86115655452024,105,1022.19,0,0.2090625416396806
thermophile_NC_009776,thermophile,1.297538,56.52034853699853,1484,881.73,0,0.666199504928926
thermophile_NC_009779,thermophile,0.031208,51.58292745449885,36,718.0833333333334,1,0.5747521182840978
thermophile_NC_009784,thermophile,2.204018,45.27118199579132,2023,982.18,254,0.47027838922561893
halophile_NC_002730,halophile,0.038297,46.68773010940805,58,587.5344827586207,0,0.4723388523652271
thermophile_NC_009785,thermophile,2.196662,40.50677801136452,2057,909.18,9,0.3150745111485344
thermophile_NC_009778,thermophile,4.368373,56.767084678895316,4052,808.01,7,0.556609449547929
thermophile_NC_010003,thermophile,2.169548,34.12319063694373,2012,908.46,45,0.2867655028527147
halophile_NC_002764,halophile,0.016586,43.06644157723381,13,876.6153846153846,0,0.4292953056839923
thermophile_NC_009635,thermophile,1.5695,30.03746416056069,1524,904.26,9,0.2195747098313296
thermophile_NC_008709,thermophile,4.559598,40.08627514969522,3837,1048.56,94,0.329295226760909
halophile_NC_006401,halophile,0.016636,46.597739841308005,13,878.7692307692307,0,0.4386266853959675
halophile_NC_006398,halophile,0.01656,46.93840579710145,13,879.8461538461538,0,0.4664974151402808
thermophile_NC_009634,thermophile,1.720048,31.328311768043683,1725,928.86,2,0.21687211590605807
halophile_NC_006407,halophile,0.016285,39.619281547436294,13,875.8461538461538,0,0.3501812321424595
halophile_NC_006408,halophile,0.016473,39.13069871911613,11,849.0909090909091,0,0.3392911945769546
halophile_NC_002745,halophile,2.814816,32.843496697475075,2705,960.39,23,0.24109321311289011
halophile_NC_002607,halophile,2.014239,67.91304308972272,2130,791.85,29,0.6881944429254969
halophile_NC_002784,halophile,0.016711,42.911854467117465,13,876.1538461538462,0,0.3865953885794803
halophile_NC_002754,halophile,2.992245,35.787176517965605,3169,830.81,314,0.30742755347221484
halophile_NC_006406,halophile,0.016707,38.7921230621895,13,868.2307692307693,0,0.27378169256381246
halophile_NC_006422,halophile,0.02893,37.106809540269616,35,609.8285714285714,0,0.3596064120725844
halophile_NC_006423,halophile,0.0262,36.26335877862596,36,583.9166666666666,0,0.3537020352927194
halophile_NC_006424,halophile,0.026476,37.101525910258346,36,596.8611111111111,1,0.351172216856288
halophile_NC_006396,halophile,3.131724,62.36386092771905,3227,836.01,22,0.7661062948772276
halophile_NC_006425,halophile,0.035422,37.32143865394388,50,580.4,1,0.37169580545977854
halophile_NC_006429,halophile,0.01194,44.42211055276382,5,2165.4,0,0.48672340507740675
acidophile_NC_007578,acidophile,0.152765,37.54917684024482,84,869.1428571428571,0,0.29818547359267245
acidophile_NC_007579,acidophile,0.452528,44.3519517024361,39,925.6153846153846,0,0.37175940810101377
acidophile_NC_007580,acidophile,0.01094,49.74405850091408,1,10293.0,0,0.5243369280093267
acidophile_NC_002946,acidophile,2.153922,52.68965171440748,2181,932.6,85,0.6445236085851811
acidophile_NC_002951,acidophile,2.809422,32.8175332862062,2718,1074.48,27,0.23790157971063372
acidophile_NC_002950,acidophile,2.343476,48.28792784735154,2011,1135.75,93,0.5495780306510174
acidophile_NC_007576,acidophile,1.884661,41.25760547918167,1832,907.09,19,0.40343147832530646
acidophile_NC_007575,acidophile,2.201561,34.46195676613094,2160,995.64,14,0.2574787254316553
acidophile_NC_002952,acidophile,2.902619,32.80716483975334,2805,966.17,39,0.2410664878330194
acidophile_NC_002945,acidophile,4.349904,65.63259786882652,4040,910.05,55,0.7693945225975627
acidophile_NC_007577,acidophile,1.709204,31.210493305655735,1877,931.35,2,0.19207607821486378
acidophile_NC_007598,acidophile,0.017667,46.61232806928171,13,876.3846153846154,0,0.5071754034717642
acidophile_NC_002944,acidophile,4.829781,69.29860794930454,4523,921.64,55,0.8405928844124938
acidophile_NC_002953,acidophile,2.799802,32.85035870393692,2685,996.72,12,0.2425630164221442
acidophile_NC_007599,acidophile,0.017977,46.5261167046782,13,876.3846153846154,0,0.5041809940882396
acidophile_NC_007601,acidophile,0.013698,32.5302963936341,13,791.6923076923077,0,0.25878268270345156
acidophile_NC_007602,acidophile,0.155745,37.79061928151787,102,829.65,0,0.3100472952897533
acidophile_NC_007608,acidophile,0.126697,47.40996235112117,158,644.16,72,0.46991641145341156
acidophile_NC_007615,acidophile,0.018871,49.53632557893064,19,864.6315789473684,0,0.4890467052701741
acidophile_NC_007597,acidophile,0.033656,26.776800570477775,16,921.5625,0,0.10523786963514296
acidophile_NC_007600,acidophile,0.013731,30.048794698128322,13,791.6923076923077,0,0.19317663876012522
acidophile_NC_007616,acidophile,0.017036,49.97065038741489,18,790.8333333333334,1,0.5032059625621228
acidophile_NC_007603,acidophile,0.046219,44.282654319652096,75,554.08,0,0.4597298298652367
mesophile_NC_007682,mesophile,0.056634,49.426139774693645,68,697.0147058823529,11,0.5229593561905265
mesophile_NC_007683,mesophile,0.036392,34.44987909430644,38,742.5,0,0.23504390269432213
mesophile_NC_007678,mesophile,0.035505,57.94113505140122,28,995.0714285714286,1,0.6960666644119404
mesophile_NC_007688,mesophile,0.015698,32.1123710026755,13,862.8461538461538,0,0.2571364765587848
mesophile_NC_007689,mesophile,0.015966,33.608918952774644,13,881.2307692307693,0,0.22405963717059107
mesophile_NC_007684,mesophile,0.039049,36.59760813337089,39,784.2307692307693,0,0.2536164688995443
mesophile_NC_003551,mesophile,1.694969,61.15917164266721,1795,844.95,1,0.7238210123879247
mesophile_NC_007686,mesophile,0.016624,36.99470644850818,12,930.1666666666666,0,0.35145974734546054
mesophile_NC_007681,mesophile,1.767403,27.633708893783705,1558,1033.56,10,0.13448334570367648
mesophile_NC_007690,mesophile,0.015892,27.71205638056884,13,882.0769230769231,0,0.1288603103731077
mesophile_NC_007692,mesophile,0.019278,37.28602552131964,13,875.5384615384615,0,0.3321802669778897
mesophile_NC_007699,mesophile,0.01767,38.845500848896435,13,876.2307692307693,0,0.33544818372688573
mesophile_NC_007698,mesophile,0.019438,38.28068731350962,13,875.0769230769231,0,0.34097231937827127
mesophile_NC_007702,mesophile,0.016055,24.727499221426346,13,857.7692307692307,0,0.11036677888913929
mesophile_NC_007703,mesophile,0.016362,36.21806625106955,13,877.6153846153846,0,0.2570924493205905
mesophile_NC_007704,mesophile,0.016357,37.794216543375924,13,877.1538461538462,0,0.3062077975485837
mesophile_NC_007694,mesophile,0.019403,41.09158377570479,13,873.8461538461538,0,0.3368064537978295
mesophile_NC_007700,mesophile,0.019202,37.82939277158629,13,875.0769230769231,0,0.3345815581128725
mesophile_NC_007695,mesophile,0.016788,38.22968787228973,13,875.3076923076923,0,0.3178445215940775
mesophile_NC_007691,mesophile,0.016728,47.118603538976565,13,877.0769230769231,0,0.48410786851033705
mesophile_NC_007677,mesophile,3.551823,66.21672870523109,2972,1017.48,66,0.8481278542220058
mesophile_NC_007715,mesophile,0.01081,47.77058279370953,14,450.85714285714283,0,0.5493973759963242
mesophile_NC_007701,mesophile,0.0155,24.935483870967744,13,858.4615384615385,0,0.1279811587585685
mesophile_NC_007714,mesophile,0.02724,44.66226138032305,34,642.5,7,0.4616980750535986
mesophile_NC_007716,mesophile,0.706569,26.88626305428061,645,872.47,20,0.17289158464311985
mesophile_NC_007713,mesophile,0.083306,48.881233044438574,114,509.23,9,0.44011248598558206
mesophile_NC_007712,mesophile,4.171146,54.69899639091991,4832,746.19,142,0.6266357898868563
mesophile_NC_007705,mesophile,4.940217,63.70129085422766,4467,892.08,634,0.756640559751583
